seed,f_lower(0.25)[Hz],f_max(1.0)[Hz],f_upper(0.25)[Hz]
0,0.3003003003,0.8508508509,4.304304304
1,0.3503503504,1.101101101,5.605605606
2,0.3003003003,1.401401401,5.405405405
3,0.3503503504,1.651651652,7.207207207
